step,time,maximum,energy,modified,signal,error
0,0,0,1.2016591899980555,1.2016591899980555,0,0
12,0.029999999999999995,0.84730535482248026,1.2016189596150173,1.2014746475326001,-4.3963785432796328e-76,1.8418685927196035
24,0.060000000000000019,1.4358430945386145,1.2015479470663115,1.2014746475326012,-8.8418654244328212e-66,2.4285426423448921
36,0.090000000000000038,1.6088279900339391,1.2015187697442042,1.2014746475325975,-5.2930730058181191e-59,2.5982939145923432
48,0.12000000000000006,1.5769797810638309,1.2015344449250083,1.2014746475326041,-7.6565444163871944e-54,2.5562879275864621
60,0.15000000000000008,1.4905429074116341,1.2015569174540046,1.2014746475326006,-1.2516502634195274e-49,2.460476395524211
72,0.1800000000000001,1.4192827892845028,1.2015676439005663,1.2014746475325948,-4.7767943094543922e-46,2.3731291308871327
84,0.21000000000000013,1.3561572455910589,1.2015700479797793,1.2014746475325961,-6.3749531773054389e-43,2.2966532715495669
96,0.24000000000000016,1.2985983494403912,1.2015696274179315,1.2014746475325941,-3.8212637695065765e-40,2.2175421114136054
108,0.27000000000000018,1.2511379130637679,1.201568647200048,1.201474647532597,-1.2155225100132647e-37,2.1530336574737285
120,0.30000000000000021,1.1966159958710103,1.2015678898883542,1.2014746475325953,-2.3070554893692261e-35,2.0719417562158311
132,0.33000000000000024,1.1614385535533764,1.2015674832586463,1.2014746475325986,-2.8468403506220091e-33,2.0163737600717568
144,0.36000000000000026,1.1072262258107497,1.2015672905235573,1.2014746475325975,-2.436980982482041e-31,1.9400477847948348
156,0.39000000000000029,1.0823557613466364,1.2015671874269276,1.2014746475325877,-1.5218870118796818e-29,1.8829464667064597
168,0.42000000000000032,1.0396068578568085,1.2015671196969839,1.2014746475325992,-7.2156925901094091e-28,1.8157533945923068
180,0.45000000000000034,1.0116241813619069,1.2015670705381745,1.2014746475325933,-2.6823727982752939e-26,1.7516161470460765
192,0.48000000000000037,0.97908650428368982,1.2015670339115596,1.201474647532599,-8.0271463492180794e-25,1.6924199623839562
204,0.51000000000000012,0.94779927501328909,1.2015670065417596,1.201474647532595,-1.9765824158140229e-23,1.622197930542348
216,0.53999999999999948,0.92400871494369752,1.201566986250961,1.2014746475325986,-4.0791255536676142e-22,1.570089283332158
228,0.56999999999999884,0.88982703133509045,1.2015669713144821,1.2014746475325917,-7.166242933492154e-21,1.5026053131032544
240,0.5999999999999982,0.87348738224523448,1.2015669603029915,1.2014746475325975,-1.0861354455918788e-19,1.4492735063338849
252,0.62999999999999756,0.84346298624526705,1.2015669521091279,1.2014746475325964,-1.4366188077271892e-18,1.3895309877232043
264,0.65999999999999692,0.82686982108883567,1.2015669459171765,1.2014746475325917,-1.6749512352672682e-17,1.3307813503555881
276,0.68999999999999628,0.80423603531771604,1.2015669411509049,1.2014746475325888,-1.7364182572976898e-16,1.2782292903573635
288,0.71999999999999564,0.78365823674325885,1.2015669374162439,1.2014746475325988,-1.6129627262485051e-15,1.2156091878957762
300,0.749999999999995,0.76738448412009241,1.2015669344448232,1.2014746475325904,-1.3515938501280591e-14,1.1698393231120312
312,0.77999999999999436,0.74346131990110476,1.2015669320505136,1.201474647532595,-1.0278237624454006e-13,1.1126629123574945
324,0.80999999999999373,0.73264466770504721,1.2015669301014369,1.2014746475325926,-7.1310151680224556e-13,1.0655848390619524
336,0.83999999999999309,0.71096059533686184,1.2015669285007238,1.2014746475325939,-4.5352704373190988e-12,1.0159813302651663
348,0.86999999999999245,0.69981590573487595,1.2015669271755334,1.2014746475325955,-2.6553010820330446e-11,0.96671040949758491
360,0.89999999999999181,0.68360721570705529,1.2015669260703454,1.2014746475325935,-1.4365799066313001e-10,0.92444774232598126
372,0.92999999999999117,0.6687394699822804,1.2015669251423446,1.2014746475325944,-7.2065415375583194e-10,0.87443034284116372
384,0.95999999999999053,0.6572888797198807,1.2015669243581475,1.2014746475325979,-3.3622351814605071e-09,0.83933298450566896
396,0.98999999999998989,0.63928508467225575,1.2015669236916293,1.2014746475326035,-1.4629149132355872e-08,0.79579265789154285
408,1.0199999999999894,0.63196086973918575,1.201566923122104,1.2014746475325913,-5.9506042202618973e-08,0.7618148953201791
420,1.0499999999999887,0.61575685495201093,1.2015669226330066,1.2014746475326001,-2.2677831300936622e-07,0.72613213811142097
432,1.0799999999999881,0.60758906759282982,1.2015669222109977,1.2014746475325884,-8.1130253511760878e-07,0.6929444685026902
444,1.1099999999999874,0.5955811928777075,1.2015669218453009,1.2014746475325921,-2.7292884740271315e-06,0.66494870484382984
456,1.1399999999999868,0.58414486827635614,1.2015669215270584,1.2014746475325981,-8.6467583419207074e-06,0.63361820587637252
468,1.1699999999999862,0.57582098280468308,1.2015669212490616,1.2014746475325921,-2.5831998801805962e-05,0.61312952784999053
480,1.1999999999999855,0.56160219759338903,1.2015669210053139,1.2014746475325937,-7.2851946527975598e-05,0.58630535324771316
492,1.2299999999999849,0.55650686628334667,1.2015669207908686,1.2014746475326092,-0.00019413129429049427,0.57137195986715494
504,1.2599999999999842,0.54398900392745864,1.2015669206015498,1.2014746475325868,-0.00048913468948893416,0.55244654675240334
516,1.2899999999999836,0.53766451300530427,1.2015669204339339,1.2014746475325808,-0.0011658942017758718,0.54016837306877408
528,1.319999999999983,0.52846829141436025,1.2015669202850603,1.2014746475325835,-0.0026297468543774747,0.52885376827799202
540,1.3499999999999823,0.51931419469672391,1.2015669201524837,1.2014746475325848,-0.0056133045804246991,0.51979602963014826
552,1.3799999999999817,0.51306154294152728,1.2015669200341035,1.2014746475325921,-0.011336700641007974,0.51575782047370311
564,1.409999999999981,0.50147087199964269,1.2015669199281023,1.2014746475325835,-0.021652231678446262,0.51031182545769105
576,1.4399999999999804,0.4978222277230846,1.2015669198329828,1.2014746475325839,-0.0390748792565348,0.51316435346858924
588,1.4699999999999798,0.48785286877791012,1.2015669197474173,1.2014746475325773,-0.066544721047914368,0.51155178817433367
600,1.4999999999999791,0.48279522931240892,1.2015669196702694,1.2014746475325868,-0.10674567582068381,0.52085546305676078
612,1.5299999999999785,0.47552978575778138,1.2015669196005836,1.2014746475325906,-0.16087308767528843,0.52584092685264949
624,1.5599999999999778,0.46801761543985942,1.2015669195374796,1.2014746475325999,-0.22695175437241716,0.53839592421942895
636,1.5899999999999772,0.4631680289985215,1.2015669194802487,1.2014746475325981,-0.29815662716985925,0.54961232068362786
648,1.6199999999999766,0.45351946851963798,1.2015669194282099,1.2014746475325915,-0.36197628860846065,0.5651438411870725
660,1.6499999999999759,0.45082466305811314,1.2015669193808758,1.2014746475325793,-0.40125508768954421,0.58199578692803555
672,1.6799999999999753,0.44266362676818105,1.2015669193376382,1.2014746475325755,-0.39786350344789123,0.60026544600291276
684,1.7099999999999747,0.43854827913431765,1.2015669192981744,1.2014746475325977,-0.33879937939040056,0.62211018542071783
696,1.739999999999974,0.43264044147657199,1.2015669192620526,1.2014746475325944,-0.22307287899818834,0.64275371811072379
708,1.7699999999999734,0.42637992672283404,1.2015669192289473,1.2014746475325926,-0.066397916771279625,0.66890740106657365
720,1.7999999999999727,0.4224996672510693,1.2015669191985676,1.2014746475325908,0.099560370405797641,0.69145043450222232
732,1.8299999999999721,0.41435399285927316,1.20156691917063,1.201474647532601,0.23509780770074037,0.72119586817278503
744,1.8599999999999715,0.41229518274074883,1.2015669191449212,1.2014746475325899,0.30601731691541312,0.74707765687042504
756,1.8899999999999708,0.40544715653851665,1.2015669191212022,1.2014746475325839,0.29767013404648895,0.77766687133425783
768,1.9199999999999702,0.40207350717993356,1.2015669190993297,1.2014746475326006,0.22255732616868587,0.80645100544128145
780,1.9499999999999695,0.39714007424841036,1.2015669190790919,1.2014746475325848,0.11639182248349728,0.83692308663727499
792,1.9799999999999689,0.39187461630309267,1.2015669190603881,1.2014746475325933,0.022938864814460731,0.86783083249976412
804,2.0099999999999683,0.38867485548213521,1.2015669190430542,1.2014746475325937,-0.025603086503776778,0.89750878433375891
816,2.0399999999999676,0.38173269067101145,1.2015669190269729,1.2014746475325733,-0.022450081385007894,0.92976318284291348
828,2.069999999999967,0.3801001502296365,1.2015669190120344,1.2014746475325846,0.013508323947652176,0.95794108138212319
840,2.0999999999999663,0.37422472487810043,1.2015669189980724,1.2014746475325975,0.051192038439813153,0.99077859208189967
852,2.1299999999999657,0.37145848418856015,1.2015669189847047,1.2014746475325997,0.066288854108526418,1.0194080359634872
864,2.1599999999999651,0.36723669344573717,1.2015669189703466,1.2014746475325788,0.053966908374027407,1.0494238550499126
876,2.1899999999999644,0.36278691148964309,1.2015669189475691,1.201474647532589,0.027929664923868516,1.0778925945858473
888,2.2199999999999638,0.36007075635269109,1.2015669188846796,1.2014746475326004,0.0078065103695100805,1.1042932984362268
900,2.2499999999999631,0.35411760796274111,1.2015669186565103,1.2014746475326024,0.0046962655445109804,1.1319027244725242
912,2.2799999999999625,0.3527700779250002,1.2015669178144053,1.2014746475326057,0.015140351734574294,1.1549101317380612
924,2.3099999999999619,0.34762754069935309,1.2015669149046855,1.2014746475326077,0.026664357607700511,1.1801629869845278
936,2.3399999999999612,0.3479065054178519,1.2015669057096898,1.2014746475325864,0.029037885228247125,1.2016758984899738
948,2.3699999999999606,0.3437561560343636,1.2015668793995531,1.2014746475325904,0.021723386894365648,1.2215076323223009
960,2.3999999999999599,0.34218031369808521,1.2015668118515697,1.2014746475325957,0.012239061371770983,1.2409364959987077
